<lifecycleMappingMetadata>
    <pluginExecutions>
        <pluginExecution>
            <pluginExecutionFilter>
                <goals>
                    <goal>generate</goal>
                </goals>
            </pluginExecutionFilter>
            <action>
                <execute>
                    <runOnIncremental>false</runOnIncremental>
                    <runOnConfiguration>true</runOnConfiguration>
                </execute>
            </action>
        </pluginExecution>
    </pluginExecutions>
</lifecycleMappingMetadata>